{
  "generated": "2026-06-29T20:26:09.311653",
  "by_season": [
    {
      "test_season": 2022,
      "train_seasons": [
        2021
      ],
      "n_train": 2421,
      "n_test": 2420,
      "accuracy": 0.562396694214876,
      "log_loss": 0.6956601738929749,
      "brier": 0.2493235468864441,
      "auc": 0.5899279687178433,
      "roi_5pct_edge": 0.12127028441807662,
      "bets_placed": 521,
      "win_rate": 0.5873320537428023
    },
    {
      "test_season": 2023,
      "train_seasons": [
        2021,
        2022
      ],
      "n_train": 4841,
      "n_test": 2427,
      "accuracy": 0.5690152451586321,
      "log_loss": 0.6779307126998901,
      "brier": 0.24206019937992096,
      "auc": 0.6078044532732851,
      "roi_5pct_edge": 0.16348029652750612,
      "bets_placed": 466,
      "win_rate": 0.6094420600858369
    },
    {
      "test_season": 2024,
      "train_seasons": [
        2021,
        2022,
        2023
      ],
      "n_train": 7268,
      "n_test": 2424,
      "accuracy": 0.5767326732673267,
      "log_loss": 0.6746438145637512,
      "brier": 0.24067626893520355,
      "auc": 0.6144403371890004,
      "roi_5pct_edge": 0.1710190457490663,
      "bets_placed": 463,
      "win_rate": 0.6133909287257019
    },
    {
      "test_season": 2025,
      "train_seasons": [
        2021,
        2022,
        2023,
        2024
      ],
      "n_train": 9692,
      "n_test": 2425,
      "accuracy": 0.582680412371134,
      "log_loss": 0.6787107586860657,
      "brier": 0.2423979640007019,
      "auc": 0.6041551880573122,
      "roi_5pct_edge": 0.07024793388429737,
      "bets_placed": 528,
      "win_rate": 0.5606060606060606
    }
  ],
  "overall": {
    "avg_auc": 0.6040819868093603,
    "avg_roi": 0.1315043901447366
  },
  "n_features": 22,
  "source": "xgboost_walkforward",
  "auc": 0.6040819868093603
}